{
  "appKeys": {},
  "capabilities": [
    "configurable"
  ],
  "companyName": "Meiguro",
  "longName": "Pebble.js",
  "resources": {
    "media": [
      {
        "file": "images/menu_icon.png",
        "menuIcon": true,
        "name": "IMAGE_MENU_ICON",
        "type": "bitmap"
      },
      {
        "file": "images/logo_splash.png",
        "name": "IMAGE_LOGO_SPLASH",
        "type": "bitmap"
      },
      {
        "file": "images/tile_splash.png",
        "name": "IMAGE_TILE_SPLASH",
        "type": "bitmap"
      },
      {
        "file": "fonts/UbuntuMono-Regular.ttf",
        "name": "MONO_FONT_14",
        "type": "font"
      }
    ]
  },
  "sdkVersion": "3",
  "shortName": "Pebble.js",
  "targetPlatforms": [
    "aplite",
    "basalt",
    "chalk",
    "diorite",
    "emery"
  ],
  "uuid": "133215f0-cf20-4c05-997b-3c9be5a64e5b",
  "versionCode": 1,
  "versionLabel": "0.4",
  "watchapp": {
    "watchface": false
  }
}