<?xml version="1.0" encoding="UTF-8"?>
<DocSetNodes version="1.0">
    <TOC>
        <Node type="folder">
            <Name>PebbleKit iOS</Name>
            <Path>index.html</Path>
			<Subnodes>
                
				
				<Node type="folder">
					<Name>Classes</Name>
					<Path>index.html</Path>
					<Subnodes>
						<NodeRef refid="1"/>
						<NodeRef refid="2"/>
						<NodeRef refid="3"/>
						<NodeRef refid="4"/>
						<NodeRef refid="5"/>
						<NodeRef refid="6"/>
						<NodeRef refid="7"/>
						<NodeRef refid="8"/>
						<NodeRef refid="9"/>
						<NodeRef refid="10"/>
						<NodeRef refid="11"/>
						<NodeRef refid="12"/>
						
					</Subnodes>
				</Node>
				
				
				<Node>
					<Name>Categories</Name>
					<Path>index.html</Path>
					<Subnodes>
						<NodeRef refid="13"/>
						<NodeRef refid="14"/>
						<NodeRef refid="15"/>
						<NodeRef refid="16"/>
						
					</Subnodes>
				</Node>
				
                
				<Node>
					<Name>Protocols</Name>
					<Path>index.html</Path>
					<Subnodes>
						<NodeRef refid="17"/>
						<NodeRef refid="18"/>
						<NodeRef refid="19"/>
						
					</Subnodes>
				</Node>
				
                
				<Node>
					<Name>Constants</Name>
					<Path>index.html</Path>
					<Subnodes>
						<NodeRef refid="20"/>
						<NodeRef refid="21"/>
						<NodeRef refid="22"/>
						<NodeRef refid="23"/>
						<NodeRef refid="24"/>
						<NodeRef refid="25"/>
						<NodeRef refid="26"/>
						<NodeRef refid="27"/>
						<NodeRef refid="28"/>
						
					</Subnodes>
				</Node>
				
                
                <Node>
                    <Name>Blocks</Name>
                    <Path>index.html</Path>
                    <Subnodes>
                        <NodeRef refid="29"/>
                        <NodeRef refid="30"/>
                        
                    </Subnodes>
                </Node>
                
			</Subnodes>
        </Node>
    </TOC>
	<Library>
		
		<Node id="1" type="file" documentType="reference">
            <Name>PBBitmap</Name>
            <Path>Classes/PBBitmap.html</Path>
            
                <Subnodes>
                <Node type="section">
                    <Path>Classes/PBBitmap.html</Path>
                    <Name>Overview</Name>
                    <Anchor>overview</Anchor>
                </Node>
                <Node type="section">
                    <Path>Classes/PBBitmap.html</Path>
                    <Name>Tasks</Name>
                    <Anchor>tasks</Anchor>
                </Node>
                
                <Node type="section">
                    <Path>Classes/PBBitmap.html</Path>
                    <Name>Properties</Name>
                    <Anchor>properties</Anchor>
                </Node>
                
                
                <Node type="section">
                    <Path>Classes/PBBitmap.html</Path>
                    <Name>Class Methods</Name>
                    <Anchor>class_methods</Anchor>
                </Node>
                
                
            </Subnodes>
            
        </Node>
		<Node id="2" type="file" documentType="reference">
            <Name>PBDataLoggingService</Name>
            <Path>Classes/PBDataLoggingService.html</Path>
            
                <Subnodes>
                <Node type="section">
                    <Path>Classes/PBDataLoggingService.html</Path>
                    <Name>Overview</Name>
                    <Anchor>overview</Anchor>
                </Node>
                <Node type="section">
                    <Path>Classes/PBDataLoggingService.html</Path>
                    <Name>Tasks</Name>
                    <Anchor>tasks</Anchor>
                </Node>
                
                <Node type="section">
                    <Path>Classes/PBDataLoggingService.html</Path>
                    <Name>Properties</Name>
                    <Anchor>properties</Anchor>
                </Node>
                
                
                
                <Node type="section">
                    <Path>Classes/PBDataLoggingService.html</Path>
                    <Name>Instance Methods</Name>
                    <Anchor>instance_methods</Anchor>
                </Node>
                
            </Subnodes>
            
        </Node>
		<Node id="3" type="file" documentType="reference">
            <Name>PBDataLoggingSessionMetadata</Name>
            <Path>Classes/PBDataLoggingSessionMetadata.html</Path>
            
                <Subnodes>
                <Node type="section">
                    <Path>Classes/PBDataLoggingSessionMetadata.html</Path>
                    <Name>Overview</Name>
                    <Anchor>overview</Anchor>
                </Node>
                <Node type="section">
                    <Path>Classes/PBDataLoggingSessionMetadata.html</Path>
                    <Name>Tasks</Name>
                    <Anchor>tasks</Anchor>
                </Node>
                
                <Node type="section">
                    <Path>Classes/PBDataLoggingSessionMetadata.html</Path>
                    <Name>Properties</Name>
                    <Anchor>properties</Anchor>
                </Node>
                
                
                <Node type="section">
                    <Path>Classes/PBDataLoggingSessionMetadata.html</Path>
                    <Name>Class Methods</Name>
                    <Anchor>class_methods</Anchor>
                </Node>
                
                
                <Node type="section">
                    <Path>Classes/PBDataLoggingSessionMetadata.html</Path>
                    <Name>Instance Methods</Name>
                    <Anchor>instance_methods</Anchor>
                </Node>
                
            </Subnodes>
            
        </Node>
		<Node id="4" type="file" documentType="reference">
            <Name>PBFirmwareMetadata</Name>
            <Path>Classes/PBFirmwareMetadata.html</Path>
            
                <Subnodes>
                <Node type="section">
                    <Path>Classes/PBFirmwareMetadata.html</Path>
                    <Name>Overview</Name>
                    <Anchor>overview</Anchor>
                </Node>
                <Node type="section">
                    <Path>Classes/PBFirmwareMetadata.html</Path>
                    <Name>Tasks</Name>
                    <Anchor>tasks</Anchor>
                </Node>
                
                <Node type="section">
                    <Path>Classes/PBFirmwareMetadata.html</Path>
                    <Name>Properties</Name>
                    <Anchor>properties</Anchor>
                </Node>
                
                
                <Node type="section">
                    <Path>Classes/PBFirmwareMetadata.html</Path>
                    <Name>Class Methods</Name>
                    <Anchor>class_methods</Anchor>
                </Node>
                
                
            </Subnodes>
            
        </Node>
		<Node id="5" type="file" documentType="reference">
            <Name>PBFirmwareVersion</Name>
            <Path>Classes/PBFirmwareVersion.html</Path>
            
                <Subnodes>
                <Node type="section">
                    <Path>Classes/PBFirmwareVersion.html</Path>
                    <Name>Overview</Name>
                    <Anchor>overview</Anchor>
                </Node>
                <Node type="section">
                    <Path>Classes/PBFirmwareVersion.html</Path>
                    <Name>Tasks</Name>
                    <Anchor>tasks</Anchor>
                </Node>
                
                <Node type="section">
                    <Path>Classes/PBFirmwareVersion.html</Path>
                    <Name>Properties</Name>
                    <Anchor>properties</Anchor>
                </Node>
                
                
                <Node type="section">
                    <Path>Classes/PBFirmwareVersion.html</Path>
                    <Name>Class Methods</Name>
                    <Anchor>class_methods</Anchor>
                </Node>
                
                
            </Subnodes>
            
        </Node>
		<Node id="6" type="file" documentType="reference">
            <Name>PBPebbleCentral</Name>
            <Path>Classes/PBPebbleCentral.html</Path>
            
                <Subnodes>
                <Node type="section">
                    <Path>Classes/PBPebbleCentral.html</Path>
                    <Name>Overview</Name>
                    <Anchor>overview</Anchor>
                </Node>
                <Node type="section">
                    <Path>Classes/PBPebbleCentral.html</Path>
                    <Name>Tasks</Name>
                    <Anchor>tasks</Anchor>
                </Node>
                
                <Node type="section">
                    <Path>Classes/PBPebbleCentral.html</Path>
                    <Name>Properties</Name>
                    <Anchor>properties</Anchor>
                </Node>
                
                
                <Node type="section">
                    <Path>Classes/PBPebbleCentral.html</Path>
                    <Name>Class Methods</Name>
                    <Anchor>class_methods</Anchor>
                </Node>
                
                
                <Node type="section">
                    <Path>Classes/PBPebbleCentral.html</Path>
                    <Name>Instance Methods</Name>
                    <Anchor>instance_methods</Anchor>
                </Node>
                
            </Subnodes>
            
        </Node>
		<Node id="7" type="file" documentType="reference">
            <Name>PBPebbleKitLogging</Name>
            <Path>Classes/PBPebbleKitLogging.html</Path>
            
                <Subnodes>
                <Node type="section">
                    <Path>Classes/PBPebbleKitLogging.html</Path>
                    <Name>Overview</Name>
                    <Anchor>overview</Anchor>
                </Node>
                <Node type="section">
                    <Path>Classes/PBPebbleKitLogging.html</Path>
                    <Name>Tasks</Name>
                    <Anchor>tasks</Anchor>
                </Node>
                
                
                <Node type="section">
                    <Path>Classes/PBPebbleKitLogging.html</Path>
                    <Name>Class Methods</Name>
                    <Anchor>class_methods</Anchor>
                </Node>
                
                
                <Node type="section">
                    <Path>Classes/PBPebbleKitLogging.html</Path>
                    <Name>Instance Methods</Name>
                    <Anchor>instance_methods</Anchor>
                </Node>
                
            </Subnodes>
            
        </Node>
		<Node id="8" type="file" documentType="reference">
            <Name>PBResourceMetadata</Name>
            <Path>Classes/PBResourceMetadata.html</Path>
            
                <Subnodes>
                <Node type="section">
                    <Path>Classes/PBResourceMetadata.html</Path>
                    <Name>Overview</Name>
                    <Anchor>overview</Anchor>
                </Node>
                <Node type="section">
                    <Path>Classes/PBResourceMetadata.html</Path>
                    <Name>Tasks</Name>
                    <Anchor>tasks</Anchor>
                </Node>
                
                <Node type="section">
                    <Path>Classes/PBResourceMetadata.html</Path>
                    <Name>Properties</Name>
                    <Anchor>properties</Anchor>
                </Node>
                
                
                
            </Subnodes>
            
        </Node>
		<Node id="9" type="file" documentType="reference">
            <Name>PBSemanticVersion</Name>
            <Path>Classes/PBSemanticVersion.html</Path>
            
                <Subnodes>
                <Node type="section">
                    <Path>Classes/PBSemanticVersion.html</Path>
                    <Name>Overview</Name>
                    <Anchor>overview</Anchor>
                </Node>
                <Node type="section">
                    <Path>Classes/PBSemanticVersion.html</Path>
                    <Name>Tasks</Name>
                    <Anchor>tasks</Anchor>
                </Node>
                
                <Node type="section">
                    <Path>Classes/PBSemanticVersion.html</Path>
                    <Name>Properties</Name>
                    <Anchor>properties</Anchor>
                </Node>
                
                
                
                <Node type="section">
                    <Path>Classes/PBSemanticVersion.html</Path>
                    <Name>Instance Methods</Name>
                    <Anchor>instance_methods</Anchor>
                </Node>
                
            </Subnodes>
            
        </Node>
		<Node id="10" type="file" documentType="reference">
            <Name>PBSportsUpdate</Name>
            <Path>Classes/PBSportsUpdate.html</Path>
            
                <Subnodes>
                <Node type="section">
                    <Path>Classes/PBSportsUpdate.html</Path>
                    <Name>Overview</Name>
                    <Anchor>overview</Anchor>
                </Node>
                <Node type="section">
                    <Path>Classes/PBSportsUpdate.html</Path>
                    <Name>Tasks</Name>
                    <Anchor>tasks</Anchor>
                </Node>
                
                <Node type="section">
                    <Path>Classes/PBSportsUpdate.html</Path>
                    <Name>Properties</Name>
                    <Anchor>properties</Anchor>
                </Node>
                
                
                <Node type="section">
                    <Path>Classes/PBSportsUpdate.html</Path>
                    <Name>Class Methods</Name>
                    <Anchor>class_methods</Anchor>
                </Node>
                
                
                <Node type="section">
                    <Path>Classes/PBSportsUpdate.html</Path>
                    <Name>Instance Methods</Name>
                    <Anchor>instance_methods</Anchor>
                </Node>
                
            </Subnodes>
            
        </Node>
		<Node id="11" type="file" documentType="reference">
            <Name>PBVersionInfo</Name>
            <Path>Classes/PBVersionInfo.html</Path>
            
                <Subnodes>
                <Node type="section">
                    <Path>Classes/PBVersionInfo.html</Path>
                    <Name>Overview</Name>
                    <Anchor>overview</Anchor>
                </Node>
                <Node type="section">
                    <Path>Classes/PBVersionInfo.html</Path>
                    <Name>Tasks</Name>
                    <Anchor>tasks</Anchor>
                </Node>
                
                <Node type="section">
                    <Path>Classes/PBVersionInfo.html</Path>
                    <Name>Properties</Name>
                    <Anchor>properties</Anchor>
                </Node>
                
                
                
                <Node type="section">
                    <Path>Classes/PBVersionInfo.html</Path>
                    <Name>Instance Methods</Name>
                    <Anchor>instance_methods</Anchor>
                </Node>
                
            </Subnodes>
            
        </Node>
		<Node id="12" type="file" documentType="reference">
            <Name>PBWatch</Name>
            <Path>Classes/PBWatch.html</Path>
            
                <Subnodes>
                <Node type="section">
                    <Path>Classes/PBWatch.html</Path>
                    <Name>Overview</Name>
                    <Anchor>overview</Anchor>
                </Node>
                <Node type="section">
                    <Path>Classes/PBWatch.html</Path>
                    <Name>Tasks</Name>
                    <Anchor>tasks</Anchor>
                </Node>
                
                <Node type="section">
                    <Path>Classes/PBWatch.html</Path>
                    <Name>Properties</Name>
                    <Anchor>properties</Anchor>
                </Node>
                
                
                
                <Node type="section">
                    <Path>Classes/PBWatch.html</Path>
                    <Name>Instance Methods</Name>
                    <Anchor>instance_methods</Anchor>
                </Node>
                
            </Subnodes>
            
        </Node>
		
		<Node id="13" type="file" documentType="reference">
            <Name>NSData(Pebble)</Name>
            <Path>Categories/NSData+Pebble.html</Path>
            
                <Subnodes>
                <Node type="section">
                    <Path>Categories/NSData+Pebble.html</Path>
                    <Name>Overview</Name>
                    <Anchor>overview</Anchor>
                </Node>
                <Node type="section">
                    <Path>Categories/NSData+Pebble.html</Path>
                    <Name>Tasks</Name>
                    <Anchor>tasks</Anchor>
                </Node>
                
                
                
                <Node type="section">
                    <Path>Categories/NSData+Pebble.html</Path>
                    <Name>Instance Methods</Name>
                    <Anchor>instance_methods</Anchor>
                </Node>
                
            </Subnodes>
            
        </Node>
		<Node id="14" type="file" documentType="reference">
            <Name>NSDictionary(Pebble)</Name>
            <Path>Categories/NSDictionary+Pebble.html</Path>
            
                <Subnodes>
                <Node type="section">
                    <Path>Categories/NSDictionary+Pebble.html</Path>
                    <Name>Overview</Name>
                    <Anchor>overview</Anchor>
                </Node>
                <Node type="section">
                    <Path>Categories/NSDictionary+Pebble.html</Path>
                    <Name>Tasks</Name>
                    <Anchor>tasks</Anchor>
                </Node>
                
                
                
                <Node type="section">
                    <Path>Categories/NSDictionary+Pebble.html</Path>
                    <Name>Instance Methods</Name>
                    <Anchor>instance_methods</Anchor>
                </Node>
                
            </Subnodes>
            
        </Node>
		<Node id="15" type="file" documentType="reference">
            <Name>NSError(Pebble)</Name>
            <Path>Categories/NSError+Pebble.html</Path>
            
                <Subnodes>
                <Node type="section">
                    <Path>Categories/NSError+Pebble.html</Path>
                    <Name>Overview</Name>
                    <Anchor>overview</Anchor>
                </Node>
                <Node type="section">
                    <Path>Categories/NSError+Pebble.html</Path>
                    <Name>Tasks</Name>
                    <Anchor>tasks</Anchor>
                </Node>
                
                
                <Node type="section">
                    <Path>Categories/NSError+Pebble.html</Path>
                    <Name>Class Methods</Name>
                    <Anchor>class_methods</Anchor>
                </Node>
                
                
            </Subnodes>
            
        </Node>
		<Node id="16" type="file" documentType="reference">
            <Name>NSNumber(PBStandardIntegerExtensions)</Name>
            <Path>Categories/NSNumber+PBStandardIntegerExtensions.html</Path>
            
                <Subnodes>
                <Node type="section">
                    <Path>Categories/NSNumber+PBStandardIntegerExtensions.html</Path>
                    <Name>Overview</Name>
                    <Anchor>overview</Anchor>
                </Node>
                <Node type="section">
                    <Path>Categories/NSNumber+PBStandardIntegerExtensions.html</Path>
                    <Name>Tasks</Name>
                    <Anchor>tasks</Anchor>
                </Node>
                
                <Node type="section">
                    <Path>Categories/NSNumber+PBStandardIntegerExtensions.html</Path>
                    <Name>Properties</Name>
                    <Anchor>properties</Anchor>
                </Node>
                
                
                <Node type="section">
                    <Path>Categories/NSNumber+PBStandardIntegerExtensions.html</Path>
                    <Name>Class Methods</Name>
                    <Anchor>class_methods</Anchor>
                </Node>
                
                
            </Subnodes>
            
        </Node>
		
        <Node id="17" type="file" documentType="reference">
            <Name>PBDataLoggingServiceDelegate</Name>
            <Path>Protocols/PBDataLoggingServiceDelegate.html</Path>
            
                <Subnodes>
                <Node type="section">
                    <Path>Protocols/PBDataLoggingServiceDelegate.html</Path>
                    <Name>Overview</Name>
                    <Anchor>overview</Anchor>
                </Node>
                <Node type="section">
                    <Path>Protocols/PBDataLoggingServiceDelegate.html</Path>
                    <Name>Tasks</Name>
                    <Anchor>tasks</Anchor>
                </Node>
                
                
                
                <Node type="section">
                    <Path>Protocols/PBDataLoggingServiceDelegate.html</Path>
                    <Name>Instance Methods</Name>
                    <Anchor>instance_methods</Anchor>
                </Node>
                
            </Subnodes>
            
        </Node>
		<Node id="18" type="file" documentType="reference">
            <Name>PBPebbleCentralDelegate</Name>
            <Path>Protocols/PBPebbleCentralDelegate.html</Path>
            
                <Subnodes>
                <Node type="section">
                    <Path>Protocols/PBPebbleCentralDelegate.html</Path>
                    <Name>Overview</Name>
                    <Anchor>overview</Anchor>
                </Node>
                <Node type="section">
                    <Path>Protocols/PBPebbleCentralDelegate.html</Path>
                    <Name>Tasks</Name>
                    <Anchor>tasks</Anchor>
                </Node>
                
                
                
                <Node type="section">
                    <Path>Protocols/PBPebbleCentralDelegate.html</Path>
                    <Name>Instance Methods</Name>
                    <Anchor>instance_methods</Anchor>
                </Node>
                
            </Subnodes>
            
        </Node>
		<Node id="19" type="file" documentType="reference">
            <Name>PBWatchDelegate</Name>
            <Path>Protocols/PBWatchDelegate.html</Path>
            
                <Subnodes>
                <Node type="section">
                    <Path>Protocols/PBWatchDelegate.html</Path>
                    <Name>Overview</Name>
                    <Anchor>overview</Anchor>
                </Node>
                <Node type="section">
                    <Path>Protocols/PBWatchDelegate.html</Path>
                    <Name>Tasks</Name>
                    <Anchor>tasks</Anchor>
                </Node>
                
                
                
                <Node type="section">
                    <Path>Protocols/PBWatchDelegate.html</Path>
                    <Name>Instance Methods</Name>
                    <Anchor>instance_methods</Anchor>
                </Node>
                
            </Subnodes>
            
        </Node>
		
        <Node id="20" type="file" documentType="reference">
            <Name>FirmwareMetadataPlatform</Name>
            <Path>Constants/FirmwareMetadataPlatform.html</Path>
            
        </Node>
		<Node id="21" type="file" documentType="reference">
            <Name>GolfAppCommand</Name>
            <Path>Constants/GolfAppCommand.html</Path>
            
        </Node>
		<Node id="22" type="file" documentType="reference">
            <Name>PBDataLoggingType</Name>
            <Path>Constants/PBDataLoggingType.html</Path>
            
        </Node>
		<Node id="23" type="file" documentType="reference">
            <Name>PBErrorCode</Name>
            <Path>Constants/PBErrorCode.html</Path>
            
        </Node>
		<Node id="24" type="file" documentType="reference">
            <Name>PBPebbleKitLogFlag</Name>
            <Path>Constants/PBPebbleKitLogFlag.html</Path>
            
        </Node>
		<Node id="25" type="file" documentType="reference">
            <Name>PBPebbleKitLogLevel</Name>
            <Path>Constants/PBPebbleKitLogLevel.html</Path>
            
        </Node>
		<Node id="26" type="file" documentType="reference">
            <Name>PBRemoteProtocolCapabilitiesFlags</Name>
            <Path>Constants/PBRemoteProtocolCapabilitiesFlags.html</Path>
            
        </Node>
		<Node id="27" type="file" documentType="reference">
            <Name>PBUnitSystem</Name>
            <Path>Constants/PBUnitSystem.html</Path>
            
        </Node>
		<Node id="28" type="file" documentType="reference">
            <Name>SportsAppActivityState</Name>
            <Path>Constants/SportsAppActivityState.html</Path>
            
        </Node>
		
        <Node id="29" type="file" documentType="reference">
            <Name>PBPebbleKitLoggingCallback</Name>
            <Path>Blocks/PBPebbleKitLoggingCallback.html</Path>
            
        </Node>
        <Node id="30" type="file" documentType="reference">
            <Name>PBVersionInfoCompletionBlock</Name>
            <Path>Blocks/PBVersionInfoCompletionBlock.html</Path>
            
        </Node>
        
	</Library>
</DocSetNodes>