<?xml version="1.0" encoding="UTF-8"?>
<Tokens version="1.0">
	<File path="Constants/PBPebbleKitLogFlag.html">
		
		<Token>
			<TokenIdentifier>//apple_ref/c/tdef/PBPebbleKitLogFlag</TokenIdentifier>
			<Abstract type="html"></Abstract>
			<DeclaredIn>PBLog+Public.h</DeclaredIn>
            
			
			<NodeRef refid="24"/>
		</Token>
		
		
        
        <Token>
            <TokenIdentifier>//apple_ref/c/econst/PBPebbleKitLogFlagError</TokenIdentifier>
            <Abstract type="html"></Abstract>
            <Declaration>PBPebbleKitLogFlagError</Declaration>
            
            <DeclaredIn>PBLog+Public.h</DeclaredIn>
            
            <NodeRef refid="24"/>
        </Token>
        
        <Token>
            <TokenIdentifier>//apple_ref/c/econst/PBPebbleKitLogFlagWarning</TokenIdentifier>
            <Abstract type="html"></Abstract>
            <Declaration>PBPebbleKitLogFlagWarning</Declaration>
            
            <DeclaredIn>PBLog+Public.h</DeclaredIn>
            
            <NodeRef refid="24"/>
        </Token>
        
        <Token>
            <TokenIdentifier>//apple_ref/c/econst/PBPebbleKitLogFlagInfo</TokenIdentifier>
            <Abstract type="html"></Abstract>
            <Declaration>PBPebbleKitLogFlagInfo</Declaration>
            
            <DeclaredIn>PBLog+Public.h</DeclaredIn>
            
            <NodeRef refid="24"/>
        </Token>
        
        <Token>
            <TokenIdentifier>//apple_ref/c/econst/PBPebbleKitLogFlagDebug</TokenIdentifier>
            <Abstract type="html"></Abstract>
            <Declaration>PBPebbleKitLogFlagDebug</Declaration>
            
            <DeclaredIn>PBLog+Public.h</DeclaredIn>
            
            <NodeRef refid="24"/>
        </Token>
        
        <Token>
            <TokenIdentifier>//apple_ref/c/econst/PBPebbleKitLogFlagVerbose</TokenIdentifier>
            <Abstract type="html"></Abstract>
            <Declaration>PBPebbleKitLogFlagVerbose</Declaration>
            
            <DeclaredIn>PBLog+Public.h</DeclaredIn>
            
            <NodeRef refid="24"/>
        </Token>
        
        
	</File>
</Tokens>