<?xml version="1.0" encoding="UTF-8"?>
<Tokens version="1.0">
	<File path="Constants/PBPebbleKitLogLevel.html">
		
		<Token>
			<TokenIdentifier>//apple_ref/c/tdef/PBPebbleKitLogLevel</TokenIdentifier>
			<Abstract type="html"></Abstract>
			<DeclaredIn>PBLog+Public.h</DeclaredIn>
            
			
			<NodeRef refid="25"/>
		</Token>
		
		
        
        <Token>
            <TokenIdentifier>//apple_ref/c/econst/PBPebbleKitLogLevelOff</TokenIdentifier>
            <Abstract type="html"></Abstract>
            <Declaration>PBPebbleKitLogLevelOff</Declaration>
            
            <DeclaredIn>PBLog+Public.h</DeclaredIn>
            
            <NodeRef refid="25"/>
        </Token>
        
        <Token>
            <TokenIdentifier>//apple_ref/c/econst/PBPebbleKitLogLevelError</TokenIdentifier>
            <Abstract type="html"></Abstract>
            <Declaration>PBPebbleKitLogLevelError</Declaration>
            
            <DeclaredIn>PBLog+Public.h</DeclaredIn>
            
            <NodeRef refid="25"/>
        </Token>
        
        <Token>
            <TokenIdentifier>//apple_ref/c/econst/PBPebbleKitLogLevelWarning</TokenIdentifier>
            <Abstract type="html"></Abstract>
            <Declaration>PBPebbleKitLogLevelWarning</Declaration>
            
            <DeclaredIn>PBLog+Public.h</DeclaredIn>
            
            <NodeRef refid="25"/>
        </Token>
        
        <Token>
            <TokenIdentifier>//apple_ref/c/econst/PBPebbleKitLogLevelInfo</TokenIdentifier>
            <Abstract type="html"></Abstract>
            <Declaration>PBPebbleKitLogLevelInfo</Declaration>
            
            <DeclaredIn>PBLog+Public.h</DeclaredIn>
            
            <NodeRef refid="25"/>
        </Token>
        
        <Token>
            <TokenIdentifier>//apple_ref/c/econst/PBPebbleKitLogLevelDebug</TokenIdentifier>
            <Abstract type="html"></Abstract>
            <Declaration>PBPebbleKitLogLevelDebug</Declaration>
            
            <DeclaredIn>PBLog+Public.h</DeclaredIn>
            
            <NodeRef refid="25"/>
        </Token>
        
        <Token>
            <TokenIdentifier>//apple_ref/c/econst/PBPebbleKitLogLevelVerbose</TokenIdentifier>
            <Abstract type="html"></Abstract>
            <Declaration>PBPebbleKitLogLevelVerbose</Declaration>
            
            <DeclaredIn>PBLog+Public.h</DeclaredIn>
            
            <NodeRef refid="25"/>
        </Token>
        
        <Token>
            <TokenIdentifier>//apple_ref/c/econst/PBPebbleKitLogLevelAll</TokenIdentifier>
            <Abstract type="html"></Abstract>
            <Declaration>PBPebbleKitLogLevelAll</Declaration>
            
            <DeclaredIn>PBLog+Public.h</DeclaredIn>
            
            <NodeRef refid="25"/>
        </Token>
        
        
	</File>
</Tokens>